-- MySQL dump 10.13  Distrib 5.6.19, for osx10.7 (i386)
--
-- Host: localhost    Database: EscapeToNature
-- ------------------------------------------------------
-- Server version	5.6.21

/*!40101 SET @OLD_CHARACTER_SET_CLIENT=@@CHARACTER_SET_CLIENT */;
/*!40101 SET @OLD_CHARACTER_SET_RESULTS=@@CHARACTER_SET_RESULTS */;
/*!40101 SET @OLD_COLLATION_CONNECTION=@@COLLATION_CONNECTION */;
/*!40101 SET NAMES utf8 */;
/*!40103 SET @OLD_TIME_ZONE=@@TIME_ZONE */;
/*!40103 SET TIME_ZONE='+00:00' */;
/*!40014 SET @OLD_UNIQUE_CHECKS=@@UNIQUE_CHECKS, UNIQUE_CHECKS=0 */;
/*!40014 SET @OLD_FOREIGN_KEY_CHECKS=@@FOREIGN_KEY_CHECKS, FOREIGN_KEY_CHECKS=0 */;
/*!40101 SET @OLD_SQL_MODE=@@SQL_MODE, SQL_MODE='NO_AUTO_VALUE_ON_ZERO' */;
/*!40111 SET @OLD_SQL_NOTES=@@SQL_NOTES, SQL_NOTES=0 */;

--
-- Table structure for table `Admins`
--

DROP TABLE IF EXISTS `Admins`;
/*!40101 SET @saved_cs_client     = @@character_set_client */;
/*!40101 SET character_set_client = utf8 */;
CREATE TABLE `Admins` (
  `id` int(11) NOT NULL,
  `uname` varchar(45) DEFAULT NULL,
  `password` varchar(100) DEFAULT NULL,
  PRIMARY KEY (`id`),
  UNIQUE KEY `uname_UNIQUE` (`uname`)
) ENGINE=InnoDB DEFAULT CHARSET=big5;
/*!40101 SET character_set_client = @saved_cs_client */;

--
-- Dumping data for table `Admins`
--

LOCK TABLES `Admins` WRITE;
/*!40000 ALTER TABLE `Admins` DISABLE KEYS */;
INSERT INTO `Admins` VALUES (0,'admin','admin');
/*!40000 ALTER TABLE `Admins` ENABLE KEYS */;
UNLOCK TABLES;

--
-- Table structure for table `Hotels`
--

DROP TABLE IF EXISTS `Hotels`;
/*!40101 SET @saved_cs_client     = @@character_set_client */;
/*!40101 SET character_set_client = utf8 */;
CREATE TABLE `Hotels` (
  `id` int(11) NOT NULL AUTO_INCREMENT,
  `title` varchar(100) NOT NULL,
  `street_addr` varchar(200) NOT NULL,
  `city` varchar(45) NOT NULL,
  `state` varchar(45) NOT NULL,
  `phone` varchar(45) DEFAULT NULL,
  `email` varchar(45) DEFAULT NULL,
  `web` varchar(45) DEFAULT NULL,
  `image_link` varchar(2000) DEFAULT NULL,
  PRIMARY KEY (`id`)
) ENGINE=InnoDB AUTO_INCREMENT=28 DEFAULT CHARSET=utf8;
/*!40101 SET character_set_client = @saved_cs_client */;

--
-- Dumping data for table `Hotels`
--

LOCK TABLES `Hotels` WRITE;
/*!40000 ALTER TABLE `Hotels` DISABLE KEYS */;
INSERT INTO `Hotels` VALUES (5,'Estancia La Jolla','306 E Magnolia Ave','Auburn','Alabama','193-293-2937','lajolla@gmail.com','www.google.com','http://www.broadwayindetroit.com/userfiles/image/Westin%20Photo.jpg'),(6,'Hotel 1','607 Creekside Dr, Apt 16','Clemson','South Carolina','phone','email','web','http://lajollatravelinformation.com/wp-content/uploads/2013/05/Estancia-La-Jolla-Hotel-edited-for-LJTI3.jpg'),(7,'Post Ranch Inn','47900 CA-1','Big Sur','California','(831) 667-2200','reservations@postranchinn.com','http://www.postranchinn.com/','https://farm3.staticflickr.com/2802/4169879473_74414f88e6_z.jpg?zz=1'),(8,'Glen Oaks Big Sur','47080 CA-1','Big Sur','California','(831) 667-2105','frontdesk@glenoaksbigsur.com','http://www.glenoaksbigsur.com/','http://www.glenoaksbigsur.com/images/slides/firepit.jpg'),(9,'The Hotel at Auburn University & Dixon Conference Center','241 S College St','Auburn','Alabama','(334) 821-8200','','http://www.auhcc.com/','http://www.auhcc.com/upload/img/822_01_Hotel_Lobby.jpg');
/*!40000 ALTER TABLE `Hotels` ENABLE KEYS */;
UNLOCK TABLES;

--
-- Table structure for table `PlaceImages`
--

DROP TABLE IF EXISTS `PlaceImages`;
/*!40101 SET @saved_cs_client     = @@character_set_client */;
/*!40101 SET character_set_client = utf8 */;
CREATE TABLE `PlaceImages` (
  `id` int(11) NOT NULL AUTO_INCREMENT,
  `placeId` int(11) DEFAULT NULL,
  `imageLink` varchar(200) NOT NULL,
  PRIMARY KEY (`id`),
  KEY `id_idx` (`placeId`),
  CONSTRAINT `id` FOREIGN KEY (`placeId`) REFERENCES `Places` (`id`) ON DELETE NO ACTION ON UPDATE NO ACTION
) ENGINE=InnoDB AUTO_INCREMENT=136 DEFAULT CHARSET=utf8;
/*!40101 SET character_set_client = @saved_cs_client */;

--
-- Dumping data for table `PlaceImages`
--

LOCK TABLES `PlaceImages` WRITE;
/*!40000 ALTER TABLE `PlaceImages` DISABLE KEYS */;
INSERT INTO `PlaceImages` VALUES (92,17,'http://www.alapark.com/sites/alapark.com/files/styles/large/public/Cheaha%20Pond%20Waterfall_0.jpg?itok=i45YjJK6\r'),(93,17,'http://www.alapark.com/sites/alapark.com/files/styles/large/public/Cheaha%20Pond%20Waterfall_0.jpg?itok=i45YjJK6'),(94,18,'http://www.alapark.com/sites/alapark.com/files/styles/large/public/Blue%20Springs4.jpg?itok=6toaZiPY\r'),(95,18,'http://www.alapark.com/sites/alapark.com/files/styles/large/public/Blue%20Springs2_0.jpg?itok=qS2qjuaa\r'),(96,18,'http://www.alapark.com/sites/alapark.com/files/styles/large/public/Blue%20Springs7.jpg?itok=JI_wUF3A\r'),(97,18,'http://www.alapark.com/sites/alapark.com/files/styles/large/public/Blue%20Springs%20underwater.JPG?itok=exkWrrNF\r'),(98,18,'http://www.alapark.com/sites/alapark.com/files/styles/large/public/BSfishingrodeo.jpg?itok=94CQK1WX'),(99,19,'http://www.alapark.com/sites/alapark.com/files/styles/large/public/100_9213.jpg?itok=nsC_mF9W\r'),(100,19,'http://www.alapark.com/sites/alapark.com/files/styles/large/public/IMG_2769.JPG?itok=m2EI9Pz-\r'),(101,19,'http://www.alapark.com/sites/alapark.com/files/styles/large/public/IMG_3407.JPG?itok=460Y7VQS\r'),(102,19,'http://www.alapark.com/sites/alapark.com/files/styles/large/public/IMG_3494.JPG?itok=0bGiOCrz\r'),(103,19,'http://www.alapark.com/sites/alapark.com/files/styles/large/public/IMG_3554.JPG?itok=gc_QAPlE'),(104,20,'http://www.alapark.com/sites/alapark.com/files/styles/large/public/Chewacla%20day%20use%202.JPG?itok=lpk7wZ3P\r'),(105,20,'http://www.alapark.com/sites/alapark.com/files/styles/large/public/Chewacla%20CCC%20bridge.JPG?itok=Z-NF2pFe\r'),(106,20,'http://www.alapark.com/sites/alapark.com/files/styles/large/public/Chewacla%20water.jpg?itok=HrRhWKQ7\r'),(107,20,'http://www.alapark.com/sites/alapark.com/files/styles/large/public/Chewacla%20Falls%202.JPG?itok=1Ia6LbWu\r'),(116,22,'http://www.parks.ca.gov/pages/582/images/Andrew_Molera-Palmer_P0078848.jpg\r'),(117,22,'http://www.parks.ca.gov/pages/582/images/Andrew_Molera-Palmer_P0078858.jpg\r'),(118,22,'http://www.parks.ca.gov/pages/582/images/Andrew_Molera-Palmer_P0078847.jpg\r'),(119,22,'http://www.parks.ca.gov/pages/582/images/Andrew_Molera-Palmer_P0078842.jpg'),(120,21,'https://www.floridastateparks.org/sites/default/files/styles/slider_large/public/Division%20of%20Recreation%20and%20Parks/gallery/Alafia-River/FloridaAnole2.jpg?itok=TndLJKqP\r'),(121,21,'https://www.floridastateparks.org/sites/default/files/styles/slider_large/public/Division%20of%20Recreation%20and%20Parks/gallery/Alafia-River/horse%20event.jpg?itok=TH1XLVq9\r'),(122,21,'https://www.floridastateparks.org/sites/default/files/styles/slider_large/public/Division%20of%20Recreation%20and%20Parks/gallery/Alafia-River/Baby%20Sandhills.jpg?itok=cK0WjHB6\r'),(123,21,'https://www.floridastateparks.org/sites/default/files/styles/slider_large/public/Division%20of%20Recreation%20and%20Parks/gallery/Alafia-River/Chrysopsis%20floridana.jpg?itok=pT_exKEk'),(132,10,'http://upload.wikimedia.org/wikipedia/commons/1/16/Pulpit_Rock_in_the_Fall.jpg\r'),(133,10,'http://www.alapark.com/sites/alapark.com/files/styles/large/public/Cheaha%20Board%20Walk_0.jpg?itok=iGjcgaJv\r'),(134,10,'http://www.alapark.com/sites/alapark.com/files/styles/large/public/Cheaha%20Pond%20Waterfall_0.jpg?itok=i45YjJK6');
/*!40000 ALTER TABLE `PlaceImages` ENABLE KEYS */;
UNLOCK TABLES;

--
-- Table structure for table `Places`
--

DROP TABLE IF EXISTS `Places`;
/*!40101 SET @saved_cs_client     = @@character_set_client */;
/*!40101 SET character_set_client = utf8 */;
CREATE TABLE `Places` (
  `id` int(11) NOT NULL AUTO_INCREMENT,
  `title` varchar(100) NOT NULL,
  `state` varchar(45) NOT NULL,
  `city` varchar(45) NOT NULL,
  `rating` double DEFAULT NULL,
  `rec_stay` double DEFAULT NULL,
  `n_ratings` int(11) DEFAULT NULL,
  `n_recs` int(11) DEFAULT NULL,
  `description` varchar(15000) DEFAULT NULL,
  PRIMARY KEY (`id`)
) ENGINE=InnoDB AUTO_INCREMENT=29 DEFAULT CHARSET=utf8;
/*!40101 SET character_set_client = @saved_cs_client */;

--
-- Dumping data for table `Places`
--

LOCK TABLES `Places` WRITE;
/*!40000 ALTER TABLE `Places` DISABLE KEYS */;
INSERT INTO `Places` VALUES (10,'Cheha State Park','Alabama','Auburn',0,-1,0,0,'<div style=\"box-sizing: border-box; color: #212121; font-family: \'Open Sans\', sans-serif; font-size: 16px;\">Take a trip to the highest point in Alabama. At 2,407 feet above sea level,&nbsp; Cheaha Resort State Park located on top of Cheaha Mountain&nbsp;has breathtaking views and fun recreational activities.&nbsp;<span style=\"box-sizing: border-box; line-height: 1.53em;\">This 2,799-acre mountaintop retreat offers visitors a little bit of everything. From quiet surroundings and accommodations to a magnificent lodge that can be used for family and group functions. Named by the Creek Indians &ldquo;Chaha&rdquo; meaning high place, Cheaha Resort State Park is truly a magnificent Alabama destination.</span></div>\r\n<div style=\"box-sizing: border-box; color: #212121; font-family: \'Open Sans\', sans-serif; font-size: 16px;\">&nbsp;</div>\r\n<div style=\"box-sizing: border-box; color: #212121; font-family: \'Open Sans\', sans-serif; font-size: 16px;\"><strong style=\"box-sizing: border-box;\">Nature</strong></div>\r\n<div style=\"box-sizing: border-box; color: #212121; font-family: \'Open Sans\', sans-serif; font-size: 16px;\">Located in the middle of the Talladega National Forest, the park is ideal for access to the Kentuck ORV-ATV Trail. Additionally, the park is home to the Cheaha Trailhead of the Pinhoto Trail, which connects with the Appalachian Trail and accesses the Odum Scout Trail and the Chinnabee Silent Trail. Here hikers can experience tranquility, native wildlife and beautiful waterfalls.</div>\r\n<div style=\"box-sizing: border-box; color: #212121; font-family: \'Open Sans\', sans-serif; font-size: 16px;\">&nbsp;&nbsp;</div>\r\n<div style=\"box-sizing: border-box; color: #212121; font-family: \'Open Sans\', sans-serif; font-size: 16px;\"><strong style=\"box-sizing: border-box;\">Dining</strong></div>\r\n<div style=\"box-sizing: border-box; color: #212121; font-family: \'Open Sans\', sans-serif; font-size: 16px;\">Delicious country-style food combined with panoramic views of the Talladega National Forest and valley below are found at the park&rsquo;s restaurant. A traditional Sunday buffet is also available.&nbsp;</div>\r\n<div style=\"box-sizing: border-box; color: #212121; font-family: \'Open Sans\', sans-serif; font-size: 16px;\">&nbsp;</div>\r\n<div style=\"box-sizing: border-box; color: #212121; font-family: \'Open Sans\', sans-serif; font-size: 16px;\"><strong style=\"box-sizing: border-box;\">Accommodations</strong></div>\r\n<div style=\"box-sizing: border-box; color: #212121; font-family: \'Open Sans\', sans-serif; font-size: 16px;\">In addition to lodge rooms, improved camping in the park&rsquo;s campground and primitive camping along mountainside trails offer campers numerous options for getting close to nature.</div>\r\n<div style=\"box-sizing: border-box; color: #212121; font-family: \'Open Sans\', sans-serif; font-size: 16px;\">&nbsp;</div>\r\n<div style=\"box-sizing: border-box; color: #212121; font-family: \'Open Sans\', sans-serif; font-size: 16px;\"><strong style=\"box-sizing: border-box;\">Weddings</strong></div>\r\n<div style=\"box-sizing: border-box; color: #212121; font-family: \'Open Sans\', sans-serif; font-size: 16px;\">The perfect atmosphere for a wedding, Cheaha Resort State Park staff can provide couples with everything needed for their special day.</div>\r\n<div style=\"box-sizing: border-box; color: #212121; font-family: \'Open Sans\', sans-serif; font-size: 16px;\">&nbsp;</div>\r\n<div style=\"box-sizing: border-box; color: #212121; font-family: \'Open Sans\', sans-serif; font-size: 16px;\"><strong style=\"box-sizing: border-box;\">Area Attractions</strong></div>\r\n<div style=\"box-sizing: border-box; color: #212121; font-family: \'Open Sans\', sans-serif; font-size: 16px;\">Nearby attractions include the Talladega&nbsp;National Forest, the Talladega Super Speedway; the Dale Jarrett Racing Adventure; and the historic Kymulga Grist Mill, Covered Bridge and Park.</div>\r\n<div style=\"box-sizing: border-box; color: #212121; font-family: \'Open Sans\', sans-serif; font-size: 16px;\">&nbsp;</div>\r\n<div style=\"box-sizing: border-box; color: #212121; font-family: \'Open Sans\', sans-serif; font-size: 16px;\"><strong style=\"box-sizing: border-box;\">Day use Park&nbsp;Entrance fee (does not apply to over night guest)</strong>&nbsp; &nbsp;-&nbsp;<span style=\"box-sizing: border-box; font-size: 11pt; font-family: Calibri, sans-serif;\">* March 1, 2015 &nbsp;We are increasing all entrance fees, excluding children and seniors, by $1.00. We feel this is long overdue in order to maintain the amenities enjoyed by our daily visitors. New Rate for ages 12 and up $4.00 per person each day.&nbsp;&nbsp;We believe that our access, facilities, and safe, family-friendly environment provides a positive experience for very little cost. Senior (ages 62 and over) Children 6 - 11 $1.00 per person -&nbsp;Children 5 and under no charge.&nbsp;</span></div>'),(17,'B State Park','South Carolina','Clemson',0,-1,0,0,'<div style=\"box-sizing: border-box; color: #212121; font-family: \'Open Sans\', sans-serif; font-size: 16px;\"><strong><em>Take a trip to the highest point in Alabama. At 2,407 feet above sea level,&nbsp; Cheaha Resort State Park located on top of Cheaha Mountain&nbsp;has breathtaking views and fun recreational activities.&nbsp;<span style=\"box-sizing: border-box; line-height: 1.53em;\">This 2,799-acre mountaintop retreat offers visitors a little bit of everything. From quiet surroundings and accommodations to a magnificent lodge that can be used for family and group functions. Named by the Creek Indians &ldquo;Chaha&rdquo; meaning high place, Cheaha Resort State Park is truly a magnificent Alabama destination.</span></em></strong></div>\r\n<div style=\"box-sizing: border-box; color: #212121; font-family: \'Open Sans\', sans-serif; font-size: 16px;\">&nbsp;</div>\r\n<div style=\"box-sizing: border-box; color: #212121; font-family: \'Open Sans\', sans-serif; font-size: 16px;\"><strong style=\"box-sizing: border-box;\">Nature</strong></div>\r\n<div style=\"box-sizing: border-box; color: #212121; font-family: \'Open Sans\', sans-serif; font-size: 16px;\">Located in the middle of the Talladega National Forest, the park is ideal for access to the Kentuck ORV-ATV Trail. Additionally, the park is home to the Cheaha Trailhead of the Pinhoto Trail, which connects with the Appalachian Trail and accesses the Odum Scout Trail and the Chinnabee Silent Trail. Here hikers can experience tranquility, native wildlife and beautiful waterfalls.</div>\r\n<div style=\"box-sizing: border-box; color: #212121; font-family: \'Open Sans\', sans-serif; font-size: 16px;\">&nbsp;&nbsp;</div>\r\n<div style=\"box-sizing: border-box; color: #212121; font-family: \'Open Sans\', sans-serif; font-size: 16px;\"><strong style=\"box-sizing: border-box;\">Dining</strong></div>\r\n<div style=\"box-sizing: border-box; color: #212121; font-family: \'Open Sans\', sans-serif; font-size: 16px;\">Delicious country-style food combined with panoramic views of the Talladega National Forest and valley below are found at the park&rsquo;s restaurant. A traditional Sunday buffet is also available.&nbsp;</div>\r\n<div style=\"box-sizing: border-box; color: #212121; font-family: \'Open Sans\', sans-serif; font-size: 16px;\">&nbsp;</div>\r\n<div style=\"box-sizing: border-box; color: #212121; font-family: \'Open Sans\', sans-serif; font-size: 16px;\"><strong style=\"box-sizing: border-box;\">Accommodations</strong></div>\r\n<div style=\"box-sizing: border-box; color: #212121; font-family: \'Open Sans\', sans-serif; font-size: 16px;\">In addition to lodge rooms, improved camping in the park&rsquo;s campground and primitive camping along mountainside trails offer campers numerous options for getting close to nature.</div>'),(18,'Blue Springs State Park','Alabama','Blue Springs',0,-1,0,0,'<div style=\"box-sizing: border-box; color: #212121; font-family: \'Open Sans\', sans-serif; font-size: 16px;\">Summer is hot in the Wiregrass Region of Alabama, which makes Blue Springs State Park in Cilo the perfect place to cool off. This park may be a secret swimming hole to the locals, but it is well worth the drive from anywhere in the state. While Blue Springs is a great summertime spot, it is welcoming year-round. If you are looking for a place to slow down and enjoy some peace and quiet, this is it!&nbsp;</div>\r\n<div style=\"box-sizing: border-box; color: #212121; font-family: \'Open Sans\', sans-serif; font-size: 16px;\">&nbsp;</div>\r\n<div style=\"box-sizing: border-box; color: #212121; font-family: \'Open Sans\', sans-serif; font-size: 16px;\"><strong style=\"box-sizing: border-box;\">Nature</strong></div>\r\n<div style=\"box-sizing: border-box; color: #212121; font-family: \'Open Sans\', sans-serif; font-size: 16px;\">The park&rsquo;s main attractions, the swimming pools, are fed by a crystal-clear underground spring that remains a cool 68 degrees year-round. The spring pumps 3,600 gallons of water per minute into the dual octagonal sandy-bottomed pools. Once over the spillway, kids can search for critters among the rocks in the shallows before it flows into west fork of the Choctawhatchee River.&nbsp;</div>\r\n<div style=\"box-sizing: border-box; color: #212121; font-family: \'Open Sans\', sans-serif; font-size: 16px;\">&nbsp;</div>\r\n<div style=\"box-sizing: border-box; color: #212121; font-family: \'Open Sans\', sans-serif; font-size: 16px;\"><strong style=\"box-sizing: border-box;\">Recreation&nbsp;</strong></div>\r\n<div style=\"box-sizing: border-box; color: #212121; font-family: \'Open Sans\', sans-serif; font-size: 16px;\">Shake the chill of the spring off with a game of volleyball, fishing in the pond, a bike ride around the park or just get lazy in the sun before your next dip. Ready for lunch? Bring a picnic or visit Hagler&rsquo;s Barbeque across the street from the park office. There are several pavilions with picnic tables or just spread out a blanket in the park&rsquo;s many green spaces and enjoy. The pavilions are also available to rent for almost any occasion.</div>\r\n<div style=\"box-sizing: border-box; color: #212121; font-family: \'Open Sans\', sans-serif; font-size: 16px;\">&nbsp;</div>\r\n<div style=\"box-sizing: border-box; color: #212121; font-family: \'Open Sans\', sans-serif; font-size: 16px;\"><strong style=\"box-sizing: border-box;\">Accommodations&nbsp;</strong></div>\r\n<div style=\"box-sizing: border-box; color: #212121; font-family: \'Open Sans\', sans-serif; font-size: 16px;\">While the pools are the main attraction, the camping is excellent as well. Fifty modern campsites, seven of which have sewer hook-up, are each outfitted with a picnic table and grill, and campfires are allowed. Visitors can tent camp in the modern and primitive areas. A bathhouse and play areas are conveniently located in the campground.</div>\r\n<div style=\"box-sizing: border-box; color: #212121; font-family: \'Open Sans\', sans-serif; font-size: 16px;\">&nbsp;</div>\r\n<div style=\"box-sizing: border-box; color: #212121; font-family: \'Open Sans\', sans-serif; font-size: 16px;\"><strong style=\"box-sizing: border-box;\">Area Attractions&nbsp;&nbsp;</strong></div>\r\n<div style=\"box-sizing: border-box; color: #212121; font-family: \'Open Sans\', sans-serif; font-size: 16px;\">The wiregrass hosts many festivals in late summer and fall. Blue Springs is a great overnight option when traveling in the area. Local attractions include: the National Peanut Festival in Dothan, Ozark&rsquo;s Claybank Jamboree in, the Brundidge Peanut Butter Festival, Lakepoint Resort State Park in Eufaula, and the Eufaula National Wildlife Refuge.&nbsp;</div>\r\n<div style=\"box-sizing: border-box; color: #212121; font-family: \'Open Sans\', sans-serif; font-size: 16px;\">&nbsp;</div>\r\n<div style=\"box-sizing: border-box; color: #212121; font-family: \'Open Sans\', sans-serif; font-size: 16px;\"><strong style=\"box-sizing: border-box;\">Gate fees for day use area:</strong></div>\r\n<div style=\"box-sizing: border-box; color: #212121; font-family: \'Open Sans\', sans-serif; font-size: 16px;\">0-5 Free</div>\r\n<div style=\"box-sizing: border-box; color: #212121; font-family: \'Open Sans\', sans-serif; font-size: 16px;\">6-11 $1.00</div>\r\n<div style=\"box-sizing: border-box; color: #212121; font-family: \'Open Sans\', sans-serif; font-size: 16px;\">12-61 $4.00</div>\r\n<div style=\"box-sizing: border-box; color: #212121; font-family: \'Open Sans\', sans-serif; font-size: 16px;\">62-up $1.00</div>\r\n<div style=\"box-sizing: border-box; color: #212121; font-family: \'Open Sans\', sans-serif; font-size: 16px;\">&nbsp;</div>\r\n<div style=\"box-sizing: border-box; color: #212121; font-family: \'Open Sans\', sans-serif; font-size: 16px;\">&nbsp;</div>\r\n<div style=\"box-sizing: border-box; color: #212121; font-family: \'Open Sans\', sans-serif; font-size: 16px;\">For reservations or information about Blue Springs State Park, call: (334)397-4875 or email:&nbsp;<a style=\"box-sizing: border-box; color: #0782c1;\" href=\"mailto:bluesprings.stpk@dcnr.alabama.gov\">bluesprings.stpk@dcnr.alabama.gov</a></div>'),(19,'Buck\'s Pocket State Park','Alabama','Grove Oak',0,-1,0,0,'<p style=\"box-sizing: border-box; margin: 1em 0px; color: #212121; font-family: \'Open Sans\', sans-serif; font-size: 16px;\"><strong style=\"box-sizing: border-box;\">History</strong></p>\r\n<div style=\"box-sizing: border-box; color: #212121; font-family: \'Open Sans\', sans-serif; font-size: 16px;\">\r\n<div style=\"box-sizing: border-box;\">Located in three counties (DeKalb, Jackson and Marshall), the Cherokee Indians once lived on what now is park land before the Trail of Tears. The area was also used for growing coffee and olives by the French during the 1700s and later for logging in the 1940s. &nbsp;As local legend goes, Buck\'s Pocket also served as a retreat for defeated public officials after unsuccessful elections.&nbsp;</div>\r\n<div style=\"box-sizing: border-box;\">&nbsp;</div>\r\n<div style=\"box-sizing: border-box;\"><strong style=\"box-sizing: border-box;\">Nature</strong></div>\r\n<div style=\"box-sizing: border-box;\">Secluded in a natural pocket of the Appalachian Mountain foothills, the pocket itself is on an upstream tributary of Lake Guntersville. Seven miles down stream at Morgan&rsquo;s Cove is a boat launch and fishing area on Lake Guntersville, noted for spectacular bass fishing.&nbsp;</div>\r\n<div style=\"box-sizing: border-box;\">&nbsp;</div>\r\n<div style=\"box-sizing: border-box;\"><strong style=\"box-sizing: border-box;\">Accommodations&nbsp;</strong></div>\r\n<div style=\"box-sizing: border-box;\">There are 24&nbsp;modern campsites located in the bottom of the canyon along with a playground and comfort station. Additionally, the park offers primitive camping and overnight camping with horses.</div>\r\n<div style=\"box-sizing: border-box;\">&nbsp;</div>\r\n<div style=\"box-sizing: border-box;\"><strong style=\"box-sizing: border-box;\">Area Attractions</strong></div>\r\n<div style=\"box-sizing: border-box;\">Other nearby attractions include bald eagle watching at Lake Guntersville, the Boaz Factory Outlets, the award-winning country music group Alabama&rsquo;s fan club and museum, High Falls Park, the Walls of Jericho Forever Wild Tract, Lake Guntersville State Park, DeSoto State Park, and Mentone, Ala.&nbsp;</div>\r\n</div>'),(20,'Chewacla State Park','Alabama','Auburn',0,-1,0,0,'<div style=\"box-sizing: border-box; color: #212121; font-family: \'Open Sans\', sans-serif; font-size: 16px;\"><span style=\"box-sizing: border-box; line-height: 1.538em;\">Chewacla State Park\'s 696 scenic acres offer plenty of rest, relaxation and recreation just a short drive from the Auburn-Opelika area. Facilities include a 26-acre lake, swimming area, playground, a modern campground, picnic areas with tables, grills and shelters, cabins, and hiking and mountain biking trails.</span></div>\r\n<div style=\"box-sizing: border-box; color: #212121; font-family: \'Open Sans\', sans-serif; font-size: 16px;\">&nbsp;</div>\r\n<div style=\"box-sizing: border-box; color: #212121; font-family: \'Open Sans\', sans-serif; font-size: 16px;\"><strong style=\"box-sizing: border-box;\">Accommodations</strong></div>\r\n<div style=\"box-sizing: border-box; color: #212121; font-family: \'Open Sans\', sans-serif; font-size: 16px;\">In the 1930s the Civilian Conservation Corps (CCC) built six stone cottages in the park, which are available for rental year round. The cottages have been renovated and feature hardwood floors, stone fireplaces, beautiful new bathrooms, modern kitchens and televisions. Each has central heating and cooling so your stay will be comfortable no matter what time of year you visit. Linens are provided.</div>\r\n<div style=\"box-sizing: border-box; color: #212121; font-family: \'Open Sans\', sans-serif; font-size: 16px;\">&nbsp;</div>\r\n<div style=\"box-sizing: border-box; color: #212121; font-family: \'Open Sans\', sans-serif; font-size: 16px;\">If you prefer roughing it the park also offers 36 full hookup camping sites and 10&nbsp;primitive sites. Shower facilities are available in all camping areas.</div>\r\n<div style=\"box-sizing: border-box; color: #212121; font-family: \'Open Sans\', sans-serif; font-size: 16px;\">&nbsp;</div>\r\n<div style=\"box-sizing: border-box; color: #212121; font-family: \'Open Sans\', sans-serif; font-size: 16px;\"><strong style=\"box-sizing: border-box;\">Activities</strong></div>\r\n<div style=\"box-sizing: border-box; color: #212121; font-family: \'Open Sans\', sans-serif; font-size: 16px;\">Lake Chewacla is perfect for reeling in bream, bass, crappie and catfish or taking a dip off the beach area. No luck in the lake, then try one of the park&rsquo;s two creeks. There is no boat ramp on the lake, but visitors are allowed to bring their own small non-motorized watercraft such as canoes or kayaks if they can be hand-launched from the bank.&nbsp;</div>\r\n<div style=\"box-sizing: border-box; color: #212121; font-family: \'Open Sans\', sans-serif; font-size: 16px;\">&nbsp;</div>\r\n<div style=\"box-sizing: border-box; color: #212121; font-family: \'Open Sans\', sans-serif; font-size: 16px;\">The park offers plenty of hiking and mountain biking trails to choose from. Options range from the short interpretive Sweet Shrub Trail to the more challenging mountain biking trails built by the Central Alabama Mountain Pedalers (CAMP). While on the trails visitors are likely to see squirrels, chipmunks, red fox, deer and turkeys as well as unique rock formations and a variety of native&nbsp;flora and fauna.&nbsp;</div>\r\n<div style=\"box-sizing: border-box; color: #212121; font-family: \'Open Sans\', sans-serif; font-size: 16px;\">&nbsp;</div>\r\n<div style=\"box-sizing: border-box; color: #212121; font-family: \'Open Sans\', sans-serif; font-size: 16px;\"><strong style=\"box-sizing: border-box;\">Area attractions</strong></div>\r\n<div style=\"box-sizing: border-box; color: #212121; font-family: \'Open Sans\', sans-serif; font-size: 16px;\">Other area attractions include: Toomer\'s Corner, historic downtown Opelika, the Tuskegee National Forest, the Tuskegee Airman National Historic Site, the Jule Collins Smith Museum of Fine Art, Auburn University, and plenty of retail and restaurant options.</div>'),(21,'Alafia River State Park','Florida','Lithia',3,1,1,1,'<p>Some of the most challenging off-road bicycling trails in Florida can be found at Alafia River State Park. Located on what was once a phosphate mining site, the unique topography of the reclaimed land offers some of Florida\'s most radical elevation changes. Alafia State Park is home to 17 miles of bike trails, ranging from beginner to advanced. Alafia also offers equestrians and hikers the opportunity to explore mixed hardwood forests, pine flatwoods and rolling hills with 20 miles of hiking and horse trails. The abundance of wildlife found along Alafia\'s trails will delight any bird-watcher or nature enthusiast. The south prong of the Alafia River and the lakes scattered throughout the park provide ample opportunities for canoeing and fishing. The 6,260 acre park also offers picnic pavilions, a playground, horseshoe pit and volleyball court. For overnight stays the park has a full-facility campground, as well as equestrian friendly campsites.</p>'),(22,'Andrew Molera State Park','California','Big Sur',0,-1,0,0,'<p>In the spectacular Big Sur area, this park is still relatively undeveloped and offers visitors great hiking and beachcombing.</p>\r\n<p>Miles of trails wind through meadows, beaches and hilltops. A primitive walk-in trail camp, popular with hikers and bikers, is located approximately one third mile from the parking area.</p>\r\n<p>&nbsp;</p>\r\n<h2>Andrew Molera SP Trail Camp</h2>\r\n<p>There are&nbsp;24 identified sites. Camping is&nbsp;allowed only at these sites with a maximum of four people per site. Registration&nbsp;is on a first-come, first-served basis.<br /><br />The establishment of 24 sites with a limit of four people per site will allow for maximum availability of individual campsites, yet continue to meet the required carrying capacity. Due to these changes, however, group camping at Trail Camp is no longer feasible. Dogs are not allowed in Trail Camp, on any trails, or at the beach. Please contact the park for additional information.<br /><br />Bridge Notice - Seasonal bridges that cross the river are installed, depending on seasonal conditions, from around&nbsp;June through October.</p>\r\n<h2>Location - Directions</h2>\r\n<p>The park is 20 miles south of Carmel on Highway 1.</p>\r\n<h2>Seasons/Climate/Recommended Clothing</h2>\r\n<p>The weather can be changeable. Layered clothing is advised.</p>\r\n<h2>More Information</h2>\r\n<p>&nbsp;</p>\r\n<div id=\"activityIcons\"><a title=\"\" href=\"http://www.parks.ca.gov/?page_id=25208\" target=\"\">Hiking Trails</a><br /><br />Ventana Wildlife Society\'s Discovery Center - open to the public and free of charge.&nbsp; Click&nbsp;<a title=\"\" href=\"http://www.ventanaws.org/discovery_center/index.htm\" target=\"_blank\">here</a>&nbsp;for information.<br /><br />Guided horseback tours with Molera Horseback Tours.&nbsp; Click&nbsp;<a title=\"\" href=\"http://molerahorsebacktours.com/\" target=\"_blank\">here</a>&nbsp;for information.</div>');
/*!40000 ALTER TABLE `Places` ENABLE KEYS */;
UNLOCK TABLES;
/*!40103 SET TIME_ZONE=@OLD_TIME_ZONE */;

/*!40101 SET SQL_MODE=@OLD_SQL_MODE */;
/*!40014 SET FOREIGN_KEY_CHECKS=@OLD_FOREIGN_KEY_CHECKS */;
/*!40014 SET UNIQUE_CHECKS=@OLD_UNIQUE_CHECKS */;
/*!40101 SET CHARACTER_SET_CLIENT=@OLD_CHARACTER_SET_CLIENT */;
/*!40101 SET CHARACTER_SET_RESULTS=@OLD_CHARACTER_SET_RESULTS */;
/*!40101 SET COLLATION_CONNECTION=@OLD_COLLATION_CONNECTION */;
/*!40111 SET SQL_NOTES=@OLD_SQL_NOTES */;

-- Dump completed on 2015-05-05 11:06:58
